orthogroup	form	copies	family
OG0000073	Cx_molestus	14	GR
OG0000073	Cx_pallens	4	GR
OG0000073	Cx_pipiens	14	GR
OG0000073	Cx_quinquefasciatus	18	GR
OG0000600	Cx_molestus	6	OR
OG0000600	Cx_pallens	4	OR
OG0000600	Cx_pipiens	5	OR
OG0000600	Cx_quinquefasciatus	6	OR
OG0000608	Cx_molestus	4	GR
OG0000608	Cx_pallens	14	GR
OG0000608	Cx_pipiens	4	GR
OG0000608	Cx_quinquefasciatus	0	GR
OG0000615	Cx_molestus	0	P450
OG0000615	Cx_pallens	7	P450
OG0000615	Cx_pipiens	6	P450
OG0000615	Cx_quinquefasciatus	8	P450
OG0000856	Cx_molestus	0	immune
OG0000856	Cx_pallens	5	immune
OG0000856	Cx_pipiens	5	immune
OG0000856	Cx_quinquefasciatus	5	immune
OG0000870	Cx_molestus	3	OR
OG0000870	Cx_pallens	5	OR
OG0000870	Cx_pipiens	4	OR
OG0000870	Cx_quinquefasciatus	5	OR
OG0000876	Cx_molestus	5	CSP
OG0000876	Cx_pallens	5	CSP
OG0000876	Cx_pipiens	5	CSP
OG0000876	Cx_quinquefasciatus	4	CSP
OG0000940	Cx_molestus	1	P450
OG0000940	Cx_pallens	4	P450
OG0000940	Cx_pipiens	4	P450
OG0000940	Cx_quinquefasciatus	5	P450
OG0000980	Cx_molestus	4	OR
OG0000980	Cx_pallens	4	OR
OG0000980	Cx_pipiens	4	OR
OG0000980	Cx_quinquefasciatus	4	OR
OG0001019	Cx_molestus	4	GST
OG0001019	Cx_pallens	4	GST
OG0001019	Cx_pipiens	4	GST
OG0001019	Cx_quinquefasciatus	4	GST
OG0001116	Cx_molestus	3	OR
OG0001116	Cx_pallens	3	OR
OG0001116	Cx_pipiens	3	OR
OG0001116	Cx_quinquefasciatus	3	OR
OG0001197	Cx_molestus	3	OR
OG0001197	Cx_pallens	3	OR
OG0001197	Cx_pipiens	3	OR
OG0001197	Cx_quinquefasciatus	3	OR
OG0001305	Cx_molestus	3	CCE
OG0001305	Cx_pallens	3	CCE
OG0001305	Cx_pipiens	3	CCE
OG0001305	Cx_quinquefasciatus	3	CCE
OG0001327	Cx_molestus	3	GR
OG0001327	Cx_pallens	2	GR
OG0001327	Cx_pipiens	5	GR
OG0001327	Cx_quinquefasciatus	5	GR
OG0001414	Cx_molestus	4	CCE
OG0001414	Cx_pallens	0	CCE
OG0001414	Cx_pipiens	3	CCE
OG0001414	Cx_quinquefasciatus	4	CCE
OG0001437	Cx_molestus	3	GR
OG0001437	Cx_pallens	3	GR
OG0001437	Cx_pipiens	2	GR
OG0001437	Cx_quinquefasciatus	3	GR
OG0001497	Cx_molestus	2	GR
OG0001497	Cx_pallens	2	GR
OG0001497	Cx_pipiens	3	GR
OG0001497	Cx_quinquefasciatus	2	GR
OG0001498	Cx_molestus	3	OR
OG0001498	Cx_pallens	3	OR
OG0001498	Cx_pipiens	3	OR
OG0001498	Cx_quinquefasciatus	3	OR
OG0001509	Cx_molestus	2	P450
OG0001509	Cx_pallens	3	P450
OG0001509	Cx_pipiens	2	P450
OG0001509	Cx_quinquefasciatus	3	P450
OG0001533	Cx_molestus	3	P450
OG0001533	Cx_pallens	3	P450
OG0001533	Cx_pipiens	2	P450
OG0001533	Cx_quinquefasciatus	3	P450
OG0001640	Cx_molestus	3	P450
OG0001640	Cx_pallens	3	P450
OG0001640	Cx_pipiens	3	P450
OG0001640	Cx_quinquefasciatus	3	P450
OG0001667	Cx_molestus	3	OR
OG0001667	Cx_pallens	2	OR
OG0001667	Cx_pipiens	3	OR
OG0001667	Cx_quinquefasciatus	3	OR
OG0001834	Cx_molestus	1	OR
OG0001834	Cx_pallens	3	OR
OG0001834	Cx_pipiens	3	OR
OG0001834	Cx_quinquefasciatus	3	OR
OG0001839	Cx_molestus	2	immune
OG0001839	Cx_pallens	2	immune
OG0001839	Cx_pipiens	3	immune
OG0001839	Cx_quinquefasciatus	3	immune
OG0001858	Cx_molestus	2	P450
OG0001858	Cx_pallens	3	P450
OG0001858	Cx_pipiens	2	P450
OG0001858	Cx_quinquefasciatus	3	P450
OG0001888	Cx_molestus	2	P450
OG0001888	Cx_pallens	2	P450
OG0001888	Cx_pipiens	2	P450
OG0001888	Cx_quinquefasciatus	2	P450
OG0001959	Cx_molestus	2	OR
OG0001959	Cx_pallens	2	OR
OG0001959	Cx_pipiens	2	OR
OG0001959	Cx_quinquefasciatus	2	OR
OG0002000	Cx_molestus	1	CCE
OG0002000	Cx_pallens	1	CCE
OG0002000	Cx_pipiens	4	CCE
OG0002000	Cx_quinquefasciatus	4	CCE
OG0002003	Cx_molestus	2	P450
OG0002003	Cx_pallens	2	P450
OG0002003	Cx_pipiens	2	P450
OG0002003	Cx_quinquefasciatus	2	P450
OG0002021	Cx_molestus	2	OR
OG0002021	Cx_pallens	2	OR
OG0002021	Cx_pipiens	2	OR
OG0002021	Cx_quinquefasciatus	2	OR
OG0002127	Cx_molestus	1	P450
OG0002127	Cx_pallens	3	P450
OG0002127	Cx_pipiens	2	P450
OG0002127	Cx_quinquefasciatus	3	P450
OG0002179	Cx_molestus	2	OR
OG0002179	Cx_pallens	2	OR
OG0002179	Cx_pipiens	4	OR
OG0002179	Cx_quinquefasciatus	2	OR
OG0002304	Cx_molestus	2	P450
OG0002304	Cx_pallens	2	P450
OG0002304	Cx_pipiens	2	P450
OG0002304	Cx_quinquefasciatus	2	P450
OG0002364	Cx_molestus	2	GR
OG0002364	Cx_pallens	2	GR
OG0002364	Cx_pipiens	2	GR
OG0002364	Cx_quinquefasciatus	2	GR
OG0002378	Cx_molestus	2	GST
OG0002378	Cx_pallens	2	GST
OG0002378	Cx_pipiens	2	GST
OG0002378	Cx_quinquefasciatus	2	GST
OG0002402	Cx_molestus	2	immune
OG0002402	Cx_pallens	2	immune
OG0002402	Cx_pipiens	2	immune
OG0002402	Cx_quinquefasciatus	2	immune
OG0002405	Cx_molestus	2	P450
OG0002405	Cx_pallens	2	P450
OG0002405	Cx_pipiens	2	P450
OG0002405	Cx_quinquefasciatus	2	P450
OG0002452	Cx_molestus	2	GR
OG0002452	Cx_pallens	2	GR
OG0002452	Cx_pipiens	2	GR
OG0002452	Cx_quinquefasciatus	2	GR
OG0002593	Cx_molestus	2	OR
OG0002593	Cx_pallens	2	OR
OG0002593	Cx_pipiens	2	OR
OG0002593	Cx_quinquefasciatus	2	OR
OG0002639	Cx_molestus	2	P450
OG0002639	Cx_pallens	2	P450
OG0002639	Cx_pipiens	2	P450
OG0002639	Cx_quinquefasciatus	2	P450
OG0002749	Cx_molestus	2	P450
OG0002749	Cx_pallens	2	P450
OG0002749	Cx_pipiens	2	P450
OG0002749	Cx_quinquefasciatus	2	P450
OG0002762	Cx_molestus	2	P450
OG0002762	Cx_pallens	2	P450
OG0002762	Cx_pipiens	2	P450
OG0002762	Cx_quinquefasciatus	2	P450
OG0002770	Cx_molestus	2	P450
OG0002770	Cx_pallens	2	P450
OG0002770	Cx_pipiens	2	P450
OG0002770	Cx_quinquefasciatus	2	P450
OG0002817	Cx_molestus	2	OR
OG0002817	Cx_pallens	2	OR
OG0002817	Cx_pipiens	2	OR
OG0002817	Cx_quinquefasciatus	2	OR
OG0002887	Cx_molestus	2	P450
OG0002887	Cx_pallens	2	P450
OG0002887	Cx_pipiens	1	P450
OG0002887	Cx_quinquefasciatus	2	P450
OG0002888	Cx_molestus	2	P450
OG0002888	Cx_pallens	1	P450
OG0002888	Cx_pipiens	2	P450
OG0002888	Cx_quinquefasciatus	2	P450
OG0002928	Cx_molestus	1	immune
OG0002928	Cx_pallens	2	immune
OG0002928	Cx_pipiens	2	immune
OG0002928	Cx_quinquefasciatus	2	immune
OG0003102	Cx_molestus	2	immune
OG0003102	Cx_pallens	2	immune
OG0003102	Cx_pipiens	2	immune
OG0003102	Cx_quinquefasciatus	2	immune
OG0003125	Cx_molestus	2	GST
OG0003125	Cx_pallens	2	GST
OG0003125	Cx_pipiens	2	GST
OG0003125	Cx_quinquefasciatus	2	GST
OG0003194	Cx_molestus	2	CCE
OG0003194	Cx_pallens	2	CCE
OG0003194	Cx_pipiens	2	CCE
OG0003194	Cx_quinquefasciatus	2	CCE
OG0003212	Cx_molestus	2	immune
OG0003212	Cx_pallens	1	immune
OG0003212	Cx_pipiens	2	immune
OG0003212	Cx_quinquefasciatus	2	immune
OG0003333	Cx_molestus	2	CCE
OG0003333	Cx_pallens	2	CCE
OG0003333	Cx_pipiens	1	CCE
OG0003333	Cx_quinquefasciatus	2	CCE
OG0003344	Cx_molestus	2	GST
OG0003344	Cx_pallens	2	GST
OG0003344	Cx_pipiens	2	GST
OG0003344	Cx_quinquefasciatus	2	GST
OG0003401	Cx_molestus	2	OR
OG0003401	Cx_pallens	1	OR
OG0003401	Cx_pipiens	2	OR
OG0003401	Cx_quinquefasciatus	2	OR
OG0003568	Cx_molestus	2	OR
OG0003568	Cx_pallens	1	OR
OG0003568	Cx_pipiens	1	OR
OG0003568	Cx_quinquefasciatus	2	OR
OG0003576	Cx_molestus	1	CCE
OG0003576	Cx_pallens	2	CCE
OG0003576	Cx_pipiens	2	CCE
OG0003576	Cx_quinquefasciatus	2	CCE
OG0003589	Cx_molestus	1	P450
OG0003589	Cx_pallens	1	P450
OG0003589	Cx_pipiens	1	P450
OG0003589	Cx_quinquefasciatus	1	P450
OG0003595	Cx_molestus	2	GST
OG0003595	Cx_pallens	1	GST
OG0003595	Cx_pipiens	1	GST
OG0003595	Cx_quinquefasciatus	2	GST
OG0003692	Cx_molestus	1	OR
OG0003692	Cx_pallens	1	OR
OG0003692	Cx_pipiens	2	OR
OG0003692	Cx_quinquefasciatus	2	OR
OG0003699	Cx_molestus	1	CCE
OG0003699	Cx_pallens	1	CCE
OG0003699	Cx_pipiens	2	CCE
OG0003699	Cx_quinquefasciatus	2	CCE
OG0003760	Cx_molestus	1	P450
OG0003760	Cx_pallens	1	P450
OG0003760	Cx_pipiens	1	P450
OG0003760	Cx_quinquefasciatus	2	P450
OG0003764	Cx_molestus	0	P450
OG0003764	Cx_pallens	1	P450
OG0003764	Cx_pipiens	1	P450
OG0003764	Cx_quinquefasciatus	3	P450
OG0003870	Cx_molestus	2	OR
OG0003870	Cx_pallens	2	OR
OG0003870	Cx_pipiens	0	OR
OG0003870	Cx_quinquefasciatus	2	OR
OG0003960	Cx_molestus	2	OBP
OG0003960	Cx_pallens	2	OBP
OG0003960	Cx_pipiens	0	OBP
OG0003960	Cx_quinquefasciatus	2	OBP
OG0004027	Cx_molestus	1	P450
OG0004027	Cx_pallens	1	P450
OG0004027	Cx_pipiens	1	P450
OG0004027	Cx_quinquefasciatus	2	P450
OG0004076	Cx_molestus	0	OR
OG0004076	Cx_pallens	2	OR
OG0004076	Cx_pipiens	2	OR
OG0004076	Cx_quinquefasciatus	2	OR
OG0004210	Cx_molestus	1	P450
OG0004210	Cx_pallens	1	P450
OG0004210	Cx_pipiens	1	P450
OG0004210	Cx_quinquefasciatus	1	P450
OG0004263	Cx_molestus	1	P450
OG0004263	Cx_pallens	1	P450
OG0004263	Cx_pipiens	1	P450
OG0004263	Cx_quinquefasciatus	1	P450
OG0004277	Cx_molestus	1	P450
OG0004277	Cx_pallens	1	P450
OG0004277	Cx_pipiens	1	P450
OG0004277	Cx_quinquefasciatus	1	P450
OG0004291	Cx_molestus	1	CCE
OG0004291	Cx_pallens	1	CCE
OG0004291	Cx_pipiens	1	CCE
OG0004291	Cx_quinquefasciatus	1	CCE
OG0004292	Cx_molestus	1	CCE
OG0004292	Cx_pallens	1	CCE
OG0004292	Cx_pipiens	1	CCE
OG0004292	Cx_quinquefasciatus	1	CCE
OG0004358	Cx_molestus	1	CCE
OG0004358	Cx_pallens	1	CCE
OG0004358	Cx_pipiens	1	CCE
OG0004358	Cx_quinquefasciatus	1	CCE
OG0004377	Cx_molestus	1	P450
OG0004377	Cx_pallens	1	P450
OG0004377	Cx_pipiens	1	P450
OG0004377	Cx_quinquefasciatus	1	P450
OG0004407	Cx_molestus	1	CCE
OG0004407	Cx_pallens	1	CCE
OG0004407	Cx_pipiens	1	CCE
OG0004407	Cx_quinquefasciatus	1	CCE
OG0004434	Cx_molestus	1	P450
OG0004434	Cx_pallens	1	P450
OG0004434	Cx_pipiens	1	P450
OG0004434	Cx_quinquefasciatus	1	P450
OG0004435	Cx_molestus	1	P450
OG0004435	Cx_pallens	1	P450
OG0004435	Cx_pipiens	1	P450
OG0004435	Cx_quinquefasciatus	1	P450
OG0004648	Cx_molestus	1	P450
OG0004648	Cx_pallens	1	P450
OG0004648	Cx_pipiens	1	P450
OG0004648	Cx_quinquefasciatus	1	P450
OG0004694	Cx_molestus	1	P450
OG0004694	Cx_pallens	1	P450
OG0004694	Cx_pipiens	1	P450
OG0004694	Cx_quinquefasciatus	1	P450
OG0004695	Cx_molestus	1	P450
OG0004695	Cx_pallens	1	P450
OG0004695	Cx_pipiens	1	P450
OG0004695	Cx_quinquefasciatus	1	P450
OG0004717	Cx_molestus	1	GR
OG0004717	Cx_pallens	1	GR
OG0004717	Cx_pipiens	1	GR
OG0004717	Cx_quinquefasciatus	1	GR
OG0004807	Cx_molestus	1	GR
OG0004807	Cx_pallens	1	GR
OG0004807	Cx_pipiens	1	GR
OG0004807	Cx_quinquefasciatus	1	GR
OG0004873	Cx_molestus	1	OR
OG0004873	Cx_pallens	1	OR
OG0004873	Cx_pipiens	1	OR
OG0004873	Cx_quinquefasciatus	1	OR
OG0004943	Cx_molestus	1	GST
OG0004943	Cx_pallens	1	GST
OG0004943	Cx_pipiens	1	GST
OG0004943	Cx_quinquefasciatus	1	GST
OG0004954	Cx_molestus	1	OR
OG0004954	Cx_pallens	1	OR
OG0004954	Cx_pipiens	1	OR
OG0004954	Cx_quinquefasciatus	1	OR
OG0005106	Cx_molestus	1	GST
OG0005106	Cx_pallens	1	GST
OG0005106	Cx_pipiens	1	GST
OG0005106	Cx_quinquefasciatus	1	GST
OG0005121	Cx_molestus	1	immune
OG0005121	Cx_pallens	1	immune
OG0005121	Cx_pipiens	1	immune
OG0005121	Cx_quinquefasciatus	1	immune
OG0005172	Cx_molestus	1	immune
OG0005172	Cx_pallens	1	immune
OG0005172	Cx_pipiens	1	immune
OG0005172	Cx_quinquefasciatus	1	immune
OG0005173	Cx_molestus	1	immune
OG0005173	Cx_pallens	1	immune
OG0005173	Cx_pipiens	1	immune
OG0005173	Cx_quinquefasciatus	1	immune
OG0005213	Cx_molestus	1	OR
OG0005213	Cx_pallens	1	OR
OG0005213	Cx_pipiens	1	OR
OG0005213	Cx_quinquefasciatus	1	OR
OG0005247	Cx_molestus	1	immune
OG0005247	Cx_pallens	1	immune
OG0005247	Cx_pipiens	1	immune
OG0005247	Cx_quinquefasciatus	1	immune
OG0005361	Cx_molestus	1	OR
OG0005361	Cx_pallens	1	OR
OG0005361	Cx_pipiens	1	OR
OG0005361	Cx_quinquefasciatus	1	OR
OG0005499	Cx_molestus	1	GST
OG0005499	Cx_pallens	1	GST
OG0005499	Cx_pipiens	1	GST
OG0005499	Cx_quinquefasciatus	1	GST
OG0005602	Cx_molestus	1	P450
OG0005602	Cx_pallens	1	P450
OG0005602	Cx_pipiens	1	P450
OG0005602	Cx_quinquefasciatus	1	P450
OG0005623	Cx_molestus	1	CCE
OG0005623	Cx_pallens	1	CCE
OG0005623	Cx_pipiens	1	CCE
OG0005623	Cx_quinquefasciatus	1	CCE
OG0005627	Cx_molestus	1	CCE
OG0005627	Cx_pallens	1	CCE
OG0005627	Cx_pipiens	1	CCE
OG0005627	Cx_quinquefasciatus	1	CCE
OG0005662	Cx_molestus	1	GR
OG0005662	Cx_pallens	1	GR
OG0005662	Cx_pipiens	1	GR
OG0005662	Cx_quinquefasciatus	1	GR
OG0005699	Cx_molestus	1	GST
OG0005699	Cx_pallens	1	GST
OG0005699	Cx_pipiens	1	GST
OG0005699	Cx_quinquefasciatus	1	GST
OG0005715	Cx_molestus	1	immune
OG0005715	Cx_pallens	1	immune
OG0005715	Cx_pipiens	1	immune
OG0005715	Cx_quinquefasciatus	1	immune
OG0005716	Cx_molestus	1	immune
OG0005716	Cx_pallens	1	immune
OG0005716	Cx_pipiens	1	immune
OG0005716	Cx_quinquefasciatus	1	immune
OG0005885	Cx_molestus	1	immune
OG0005885	Cx_pallens	1	immune
OG0005885	Cx_pipiens	1	immune
OG0005885	Cx_quinquefasciatus	2	immune
OG0005908	Cx_molestus	1	CCE
OG0005908	Cx_pallens	1	CCE
OG0005908	Cx_pipiens	1	CCE
OG0005908	Cx_quinquefasciatus	1	CCE
OG0005955	Cx_molestus	1	CCE
OG0005955	Cx_pallens	1	CCE
OG0005955	Cx_pipiens	1	CCE
OG0005955	Cx_quinquefasciatus	1	CCE
OG0005958	Cx_molestus	1	P450
OG0005958	Cx_pallens	1	P450
OG0005958	Cx_pipiens	1	P450
OG0005958	Cx_quinquefasciatus	1	P450
OG0006009	Cx_molestus	1	CCE
OG0006009	Cx_pallens	1	CCE
OG0006009	Cx_pipiens	1	CCE
OG0006009	Cx_quinquefasciatus	1	CCE
OG0006028	Cx_molestus	1	P450
OG0006028	Cx_pallens	1	P450
OG0006028	Cx_pipiens	0	P450
OG0006028	Cx_quinquefasciatus	1	P450
OG0006029	Cx_molestus	1	P450
OG0006029	Cx_pallens	1	P450
OG0006029	Cx_pipiens	1	P450
OG0006029	Cx_quinquefasciatus	1	P450
OG0006030	Cx_molestus	1	P450
OG0006030	Cx_pallens	1	P450
OG0006030	Cx_pipiens	1	P450
OG0006030	Cx_quinquefasciatus	1	P450
OG0006031	Cx_molestus	1	P450
OG0006031	Cx_pallens	1	P450
OG0006031	Cx_pipiens	1	P450
OG0006031	Cx_quinquefasciatus	1	P450
OG0006182	Cx_molestus	1	OR
OG0006182	Cx_pallens	1	OR
OG0006182	Cx_pipiens	1	OR
OG0006182	Cx_quinquefasciatus	1	OR
OG0006235	Cx_molestus	1	immune
OG0006235	Cx_pallens	1	immune
OG0006235	Cx_pipiens	1	immune
OG0006235	Cx_quinquefasciatus	1	immune
OG0006337	Cx_molestus	1	CCE
OG0006337	Cx_pallens	1	CCE
OG0006337	Cx_pipiens	1	CCE
OG0006337	Cx_quinquefasciatus	1	CCE
OG0006452	Cx_molestus	1	OR
OG0006452	Cx_pallens	1	OR
OG0006452	Cx_pipiens	1	OR
OG0006452	Cx_quinquefasciatus	1	OR
OG0006453	Cx_molestus	1	OR
OG0006453	Cx_pallens	1	OR
OG0006453	Cx_pipiens	1	OR
OG0006453	Cx_quinquefasciatus	1	OR
OG0006454	Cx_molestus	1	OR
OG0006454	Cx_pallens	1	OR
OG0006454	Cx_pipiens	1	OR
OG0006454	Cx_quinquefasciatus	1	OR
OG0006530	Cx_molestus	1	GR
OG0006530	Cx_pallens	1	GR
OG0006530	Cx_pipiens	1	GR
OG0006530	Cx_quinquefasciatus	1	GR
OG0006531	Cx_molestus	1	GR
OG0006531	Cx_pallens	1	GR
OG0006531	Cx_pipiens	1	GR
OG0006531	Cx_quinquefasciatus	1	GR
OG0006543	Cx_molestus	1	GST
OG0006543	Cx_pallens	1	GST
OG0006543	Cx_pipiens	1	GST
OG0006543	Cx_quinquefasciatus	1	GST
OG0006566	Cx_molestus	1	P450
OG0006566	Cx_pallens	1	P450
OG0006566	Cx_pipiens	1	P450
OG0006566	Cx_quinquefasciatus	1	P450
OG0006637	Cx_molestus	1	OR
OG0006637	Cx_pallens	1	OR
OG0006637	Cx_pipiens	1	OR
OG0006637	Cx_quinquefasciatus	1	OR
OG0006638	Cx_molestus	1	OR
OG0006638	Cx_pallens	1	OR
OG0006638	Cx_pipiens	1	OR
OG0006638	Cx_quinquefasciatus	1	OR
OG0006686	Cx_molestus	1	OR
OG0006686	Cx_pallens	1	OR
OG0006686	Cx_pipiens	1	OR
OG0006686	Cx_quinquefasciatus	1	OR
OG0006687	Cx_molestus	1	P450
OG0006687	Cx_pallens	1	P450
OG0006687	Cx_pipiens	1	P450
OG0006687	Cx_quinquefasciatus	1	P450
OG0006750	Cx_molestus	1	CCE
OG0006750	Cx_pallens	1	CCE
OG0006750	Cx_pipiens	1	CCE
OG0006750	Cx_quinquefasciatus	1	CCE
OG0006811	Cx_molestus	1	GR
OG0006811	Cx_pallens	1	GR
OG0006811	Cx_pipiens	1	GR
OG0006811	Cx_quinquefasciatus	1	GR
OG0006835	Cx_molestus	1	GST
OG0006835	Cx_pallens	1	GST
OG0006835	Cx_pipiens	1	GST
OG0006835	Cx_quinquefasciatus	1	GST
OG0006836	Cx_molestus	1	GST
OG0006836	Cx_pallens	1	GST
OG0006836	Cx_pipiens	1	GST
OG0006836	Cx_quinquefasciatus	1	GST
OG0006837	Cx_molestus	1	GST
OG0006837	Cx_pallens	1	GST
OG0006837	Cx_pipiens	1	GST
OG0006837	Cx_quinquefasciatus	1	GST
OG0006838	Cx_molestus	1	GST
OG0006838	Cx_pallens	1	GST
OG0006838	Cx_pipiens	1	GST
OG0006838	Cx_quinquefasciatus	1	GST
OG0006843	Cx_molestus	1	immune
OG0006843	Cx_pallens	1	immune
OG0006843	Cx_pipiens	1	immune
OG0006843	Cx_quinquefasciatus	1	immune
OG0006935	Cx_molestus	1	GR
OG0006935	Cx_pallens	1	GR
OG0006935	Cx_pipiens	1	GR
OG0006935	Cx_quinquefasciatus	1	GR
OG0006961	Cx_molestus	1	P450
OG0006961	Cx_pallens	1	P450
OG0006961	Cx_pipiens	1	P450
OG0006961	Cx_quinquefasciatus	1	P450
OG0006990	Cx_molestus	1	P450
OG0006990	Cx_pallens	1	P450
OG0006990	Cx_pipiens	1	P450
OG0006990	Cx_quinquefasciatus	1	P450
OG0007047	Cx_molestus	1	GR
OG0007047	Cx_pallens	1	GR
OG0007047	Cx_pipiens	1	GR
OG0007047	Cx_quinquefasciatus	1	GR
OG0007048	Cx_molestus	1	GR
OG0007048	Cx_pallens	1	GR
OG0007048	Cx_pipiens	1	GR
OG0007048	Cx_quinquefasciatus	1	GR
OG0007165	Cx_molestus	1	GST
OG0007165	Cx_pallens	1	GST
OG0007165	Cx_pipiens	1	GST
OG0007165	Cx_quinquefasciatus	1	GST
OG0007284	Cx_molestus	1	immune
OG0007284	Cx_pallens	1	immune
OG0007284	Cx_pipiens	1	immune
OG0007284	Cx_quinquefasciatus	1	immune
OG0007307	Cx_molestus	1	immune
OG0007307	Cx_pallens	1	immune
OG0007307	Cx_pipiens	1	immune
OG0007307	Cx_quinquefasciatus	1	immune
OG0007311	Cx_molestus	1	P450
OG0007311	Cx_pallens	1	P450
OG0007311	Cx_pipiens	1	P450
OG0007311	Cx_quinquefasciatus	1	P450
OG0007313	Cx_molestus	1	P450
OG0007313	Cx_pallens	1	P450
OG0007313	Cx_pipiens	1	P450
OG0007313	Cx_quinquefasciatus	1	P450
OG0007314	Cx_molestus	1	OR
OG0007314	Cx_pallens	1	OR
OG0007314	Cx_pipiens	1	OR
OG0007314	Cx_quinquefasciatus	1	OR
OG0007442	Cx_molestus	1	OR
OG0007442	Cx_pallens	1	OR
OG0007442	Cx_pipiens	1	OR
OG0007442	Cx_quinquefasciatus	1	OR
OG0007447	Cx_molestus	1	OR
OG0007447	Cx_pallens	1	OR
OG0007447	Cx_pipiens	1	OR
OG0007447	Cx_quinquefasciatus	1	OR
OG0007500	Cx_molestus	1	OR
OG0007500	Cx_pallens	1	OR
OG0007500	Cx_pipiens	1	OR
OG0007500	Cx_quinquefasciatus	1	OR
OG0007501	Cx_molestus	1	OR
OG0007501	Cx_pallens	1	OR
OG0007501	Cx_pipiens	1	OR
OG0007501	Cx_quinquefasciatus	1	OR
OG0007628	Cx_molestus	1	P450
OG0007628	Cx_pallens	1	P450
OG0007628	Cx_pipiens	1	P450
OG0007628	Cx_quinquefasciatus	1	P450
OG0007629	Cx_molestus	1	P450
OG0007629	Cx_pallens	1	P450
OG0007629	Cx_pipiens	1	P450
OG0007629	Cx_quinquefasciatus	1	P450
OG0007698	Cx_molestus	1	P450
OG0007698	Cx_pallens	1	P450
OG0007698	Cx_pipiens	1	P450
OG0007698	Cx_quinquefasciatus	1	P450
OG0007717	Cx_molestus	1	P450
OG0007717	Cx_pallens	1	P450
OG0007717	Cx_pipiens	1	P450
OG0007717	Cx_quinquefasciatus	1	P450
OG0007754	Cx_molestus	1	immune
OG0007754	Cx_pallens	1	immune
OG0007754	Cx_pipiens	1	immune
OG0007754	Cx_quinquefasciatus	1	immune
OG0007808	Cx_molestus	1	OR
OG0007808	Cx_pallens	1	OR
OG0007808	Cx_pipiens	1	OR
OG0007808	Cx_quinquefasciatus	1	OR
OG0007841	Cx_molestus	1	immune
OG0007841	Cx_pallens	1	immune
OG0007841	Cx_pipiens	1	immune
OG0007841	Cx_quinquefasciatus	1	immune
OG0007882	Cx_molestus	1	CCE
OG0007882	Cx_pallens	1	CCE
OG0007882	Cx_pipiens	1	CCE
OG0007882	Cx_quinquefasciatus	1	CCE
OG0007895	Cx_molestus	1	OR
OG0007895	Cx_pallens	1	OR
OG0007895	Cx_pipiens	1	OR
OG0007895	Cx_quinquefasciatus	1	OR
OG0007907	Cx_molestus	1	P450
OG0007907	Cx_pallens	1	P450
OG0007907	Cx_pipiens	1	P450
OG0007907	Cx_quinquefasciatus	1	P450
OG0007928	Cx_molestus	1	GR
OG0007928	Cx_pallens	1	GR
OG0007928	Cx_pipiens	1	GR
OG0007928	Cx_quinquefasciatus	1	GR
OG0008095	Cx_molestus	1	P450
OG0008095	Cx_pallens	1	P450
OG0008095	Cx_pipiens	1	P450
OG0008095	Cx_quinquefasciatus	1	P450
OG0008192	Cx_molestus	1	CCE
OG0008192	Cx_pallens	1	CCE
OG0008192	Cx_pipiens	1	CCE
OG0008192	Cx_quinquefasciatus	1	CCE
OG0008225	Cx_molestus	1	GST
OG0008225	Cx_pallens	1	GST
OG0008225	Cx_pipiens	1	GST
OG0008225	Cx_quinquefasciatus	1	GST
OG0008263	Cx_molestus	1	CCE
OG0008263	Cx_pallens	1	CCE
OG0008263	Cx_pipiens	1	CCE
OG0008263	Cx_quinquefasciatus	1	CCE
OG0008343	Cx_molestus	1	P450
OG0008343	Cx_pallens	1	P450
OG0008343	Cx_pipiens	1	P450
OG0008343	Cx_quinquefasciatus	1	P450
OG0008363	Cx_molestus	1	GR
OG0008363	Cx_pallens	1	GR
OG0008363	Cx_pipiens	1	GR
OG0008363	Cx_quinquefasciatus	1	GR
OG0008364	Cx_molestus	1	CCE
OG0008364	Cx_pallens	1	CCE
OG0008364	Cx_pipiens	1	CCE
OG0008364	Cx_quinquefasciatus	1	CCE
OG0008382	Cx_molestus	1	GST
OG0008382	Cx_pallens	1	GST
OG0008382	Cx_pipiens	1	GST
OG0008382	Cx_quinquefasciatus	1	GST
OG0008385	Cx_molestus	1	immune
OG0008385	Cx_pallens	1	immune
OG0008385	Cx_pipiens	1	immune
OG0008385	Cx_quinquefasciatus	1	immune
OG0008410	Cx_molestus	1	immune
OG0008410	Cx_pallens	1	immune
OG0008410	Cx_pipiens	1	immune
OG0008410	Cx_quinquefasciatus	1	immune
OG0008453	Cx_molestus	1	P450
OG0008453	Cx_pallens	1	P450
OG0008453	Cx_pipiens	1	P450
OG0008453	Cx_quinquefasciatus	1	P450
OG0008551	Cx_molestus	1	IR
OG0008551	Cx_pallens	1	IR
OG0008551	Cx_pipiens	1	IR
OG0008551	Cx_quinquefasciatus	1	IR
OG0008624	Cx_molestus	1	P450
OG0008624	Cx_pallens	1	P450
OG0008624	Cx_pipiens	1	P450
OG0008624	Cx_quinquefasciatus	1	P450
OG0008639	Cx_molestus	1	CCE
OG0008639	Cx_pallens	1	CCE
OG0008639	Cx_pipiens	1	CCE
OG0008639	Cx_quinquefasciatus	1	CCE
OG0008700	Cx_molestus	1	OR
OG0008700	Cx_pallens	1	OR
OG0008700	Cx_pipiens	1	OR
OG0008700	Cx_quinquefasciatus	1	OR
OG0008768	Cx_molestus	1	P450
OG0008768	Cx_pallens	1	P450
OG0008768	Cx_pipiens	1	P450
OG0008768	Cx_quinquefasciatus	1	P450
OG0008773	Cx_molestus	1	OR
OG0008773	Cx_pallens	1	OR
OG0008773	Cx_pipiens	1	OR
OG0008773	Cx_quinquefasciatus	1	OR
OG0008816	Cx_molestus	1	P450
OG0008816	Cx_pallens	1	P450
OG0008816	Cx_pipiens	1	P450
OG0008816	Cx_quinquefasciatus	1	P450
OG0008862	Cx_molestus	1	P450
OG0008862	Cx_pallens	1	P450
OG0008862	Cx_pipiens	1	P450
OG0008862	Cx_quinquefasciatus	1	P450
OG0008863	Cx_molestus	1	P450
OG0008863	Cx_pallens	1	P450
OG0008863	Cx_pipiens	1	P450
OG0008863	Cx_quinquefasciatus	1	P450
OG0008865	Cx_molestus	1	OR
OG0008865	Cx_pallens	1	OR
OG0008865	Cx_pipiens	1	OR
OG0008865	Cx_quinquefasciatus	1	OR
OG0008866	Cx_molestus	1	OR
OG0008866	Cx_pallens	1	OR
OG0008866	Cx_pipiens	1	OR
OG0008866	Cx_quinquefasciatus	1	OR
OG0008881	Cx_molestus	1	P450
OG0008881	Cx_pallens	1	P450
OG0008881	Cx_pipiens	1	P450
OG0008881	Cx_quinquefasciatus	1	P450
OG0008883	Cx_molestus	1	P450
OG0008883	Cx_pallens	1	P450
OG0008883	Cx_pipiens	1	P450
OG0008883	Cx_quinquefasciatus	1	P450
OG0008925	Cx_molestus	1	OR
OG0008925	Cx_pallens	1	OR
OG0008925	Cx_pipiens	1	OR
OG0008925	Cx_quinquefasciatus	1	OR
OG0008929	Cx_molestus	1	GST
OG0008929	Cx_pallens	1	GST
OG0008929	Cx_pipiens	1	GST
OG0008929	Cx_quinquefasciatus	1	GST
OG0008931	Cx_molestus	1	GR
OG0008931	Cx_pallens	1	GR
OG0008931	Cx_pipiens	1	GR
OG0008931	Cx_quinquefasciatus	1	GR
OG0008981	Cx_molestus	1	GR
OG0008981	Cx_pallens	1	GR
OG0008981	Cx_pipiens	1	GR
OG0008981	Cx_quinquefasciatus	1	GR
OG0008983	Cx_molestus	1	GR
OG0008983	Cx_pallens	1	GR
OG0008983	Cx_pipiens	1	GR
OG0008983	Cx_quinquefasciatus	1	GR
OG0008984	Cx_molestus	1	GR
OG0008984	Cx_pallens	1	GR
OG0008984	Cx_pipiens	1	GR
OG0008984	Cx_quinquefasciatus	1	GR
OG0008987	Cx_molestus	5	immune
OG0008987	Cx_pallens	0	immune
OG0008987	Cx_pipiens	0	immune
OG0008987	Cx_quinquefasciatus	0	immune
OG0008998	Cx_molestus	1	P450
OG0008998	Cx_pallens	1	P450
OG0008998	Cx_pipiens	1	P450
OG0008998	Cx_quinquefasciatus	0	P450
OG0008999	Cx_molestus	1	P450
OG0008999	Cx_pallens	1	P450
OG0008999	Cx_pipiens	1	P450
OG0008999	Cx_quinquefasciatus	2	P450
OG0009061	Cx_molestus	1	OR
OG0009061	Cx_pallens	1	OR
OG0009061	Cx_pipiens	1	OR
OG0009061	Cx_quinquefasciatus	1	OR
OG0009062	Cx_molestus	1	CCE
OG0009062	Cx_pallens	1	CCE
OG0009062	Cx_pipiens	1	CCE
OG0009062	Cx_quinquefasciatus	1	CCE
OG0009081	Cx_molestus	1	GST
OG0009081	Cx_pallens	1	GST
OG0009081	Cx_pipiens	1	GST
OG0009081	Cx_quinquefasciatus	1	GST
OG0009085	Cx_molestus	1	P450
OG0009085	Cx_pallens	1	P450
OG0009085	Cx_pipiens	1	P450
OG0009085	Cx_quinquefasciatus	1	P450
OG0009163	Cx_molestus	1	OR
OG0009163	Cx_pallens	1	OR
OG0009163	Cx_pipiens	1	OR
OG0009163	Cx_quinquefasciatus	1	OR
OG0009182	Cx_molestus	1	CCE
OG0009182	Cx_pallens	1	CCE
OG0009182	Cx_pipiens	1	CCE
OG0009182	Cx_quinquefasciatus	1	CCE
OG0009210	Cx_molestus	1	OR
OG0009210	Cx_pallens	1	OR
OG0009210	Cx_pipiens	1	OR
OG0009210	Cx_quinquefasciatus	1	OR
OG0009251	Cx_molestus	1	GR
OG0009251	Cx_pallens	1	GR
OG0009251	Cx_pipiens	1	GR
OG0009251	Cx_quinquefasciatus	1	GR
OG0009252	Cx_molestus	1	GR
OG0009252	Cx_pallens	1	GR
OG0009252	Cx_pipiens	1	GR
OG0009252	Cx_quinquefasciatus	1	GR
OG0009275	Cx_molestus	1	GR
OG0009275	Cx_pallens	1	GR
OG0009275	Cx_pipiens	1	GR
OG0009275	Cx_quinquefasciatus	1	GR
OG0009297	Cx_molestus	1	immune
OG0009297	Cx_pallens	1	immune
OG0009297	Cx_pipiens	1	immune
OG0009297	Cx_quinquefasciatus	1	immune
OG0009432	Cx_molestus	1	OR
OG0009432	Cx_pallens	1	OR
OG0009432	Cx_pipiens	1	OR
OG0009432	Cx_quinquefasciatus	1	OR
OG0009507	Cx_molestus	0	GST
OG0009507	Cx_pallens	1	GST
OG0009507	Cx_pipiens	1	GST
OG0009507	Cx_quinquefasciatus	2	GST
OG0009525	Cx_molestus	0	P450
OG0009525	Cx_pallens	1	P450
OG0009525	Cx_pipiens	1	P450
OG0009525	Cx_quinquefasciatus	3	P450
OG0009654	Cx_molestus	1	P450
OG0009654	Cx_pallens	0	P450
OG0009654	Cx_pipiens	1	P450
OG0009654	Cx_quinquefasciatus	1	P450
OG0009662	Cx_molestus	1	P450
OG0009662	Cx_pallens	0	P450
OG0009662	Cx_pipiens	1	P450
OG0009662	Cx_quinquefasciatus	1	P450
OG0009663	Cx_molestus	1	P450
OG0009663	Cx_pallens	1	P450
OG0009663	Cx_pipiens	0	P450
OG0009663	Cx_quinquefasciatus	1	P450
OG0009674	Cx_molestus	0	P450
OG0009674	Cx_pallens	1	P450
OG0009674	Cx_pipiens	1	P450
OG0009674	Cx_quinquefasciatus	1	P450
OG0009680	Cx_molestus	1	immune
OG0009680	Cx_pallens	1	immune
OG0009680	Cx_pipiens	1	immune
OG0009680	Cx_quinquefasciatus	1	immune
OG0009701	Cx_molestus	1	immune
OG0009701	Cx_pallens	1	immune
OG0009701	Cx_pipiens	1	immune
OG0009701	Cx_quinquefasciatus	1	immune
OG0009805	Cx_molestus	1	OR
OG0009805	Cx_pallens	1	OR
OG0009805	Cx_pipiens	1	OR
OG0009805	Cx_quinquefasciatus	1	OR
OG0009817	Cx_molestus	1	GST
OG0009817	Cx_pallens	1	GST
OG0009817	Cx_pipiens	1	GST
OG0009817	Cx_quinquefasciatus	1	GST
OG0009818	Cx_molestus	1	GST
OG0009818	Cx_pallens	1	GST
OG0009818	Cx_pipiens	1	GST
OG0009818	Cx_quinquefasciatus	1	GST
OG0009835	Cx_molestus	1	OR
OG0009835	Cx_pallens	1	OR
OG0009835	Cx_pipiens	1	OR
OG0009835	Cx_quinquefasciatus	1	OR
OG0009859	Cx_molestus	1	P450
OG0009859	Cx_pallens	0	P450
OG0009859	Cx_pipiens	1	P450
OG0009859	Cx_quinquefasciatus	1	P450
OG0009860	Cx_molestus	1	P450
OG0009860	Cx_pallens	0	P450
OG0009860	Cx_pipiens	1	P450
OG0009860	Cx_quinquefasciatus	1	P450
OG0009861	Cx_molestus	1	P450
OG0009861	Cx_pallens	0	P450
OG0009861	Cx_pipiens	1	P450
OG0009861	Cx_quinquefasciatus	1	P450
OG0009898	Cx_molestus	1	OR
OG0009898	Cx_pallens	1	OR
OG0009898	Cx_pipiens	1	OR
OG0009898	Cx_quinquefasciatus	1	OR
OG0009939	Cx_molestus	1	CCE
OG0009939	Cx_pallens	1	CCE
OG0009939	Cx_pipiens	1	CCE
OG0009939	Cx_quinquefasciatus	0	CCE
OG0009947	Cx_molestus	1	CCE
OG0009947	Cx_pallens	1	CCE
OG0009947	Cx_pipiens	1	CCE
OG0009947	Cx_quinquefasciatus	1	CCE
OG0009973	Cx_molestus	1	OR
OG0009973	Cx_pallens	1	OR
OG0009973	Cx_pipiens	1	OR
OG0009973	Cx_quinquefasciatus	1	OR
OG0009974	Cx_molestus	1	OR
OG0009974	Cx_pallens	1	OR
OG0009974	Cx_pipiens	1	OR
OG0009974	Cx_quinquefasciatus	1	OR
OG0009987	Cx_molestus	1	OR
OG0009987	Cx_pallens	1	OR
OG0009987	Cx_pipiens	1	OR
OG0009987	Cx_quinquefasciatus	1	OR
OG0010168	Cx_molestus	1	immune
OG0010168	Cx_pallens	1	immune
OG0010168	Cx_pipiens	1	immune
OG0010168	Cx_quinquefasciatus	1	immune
OG0010170	Cx_molestus	1	P450
OG0010170	Cx_pallens	1	P450
OG0010170	Cx_pipiens	1	P450
OG0010170	Cx_quinquefasciatus	1	P450
OG0010313	Cx_molestus	1	GST
OG0010313	Cx_pallens	0	GST
OG0010313	Cx_pipiens	1	GST
OG0010313	Cx_quinquefasciatus	1	GST
OG0010334	Cx_molestus	1	OR
OG0010334	Cx_pallens	1	OR
OG0010334	Cx_pipiens	1	OR
OG0010334	Cx_quinquefasciatus	1	OR
OG0010372	Cx_molestus	1	GST
OG0010372	Cx_pallens	1	GST
OG0010372	Cx_pipiens	1	GST
OG0010372	Cx_quinquefasciatus	1	GST
OG0010452	Cx_molestus	1	CCE
OG0010452	Cx_pallens	1	CCE
OG0010452	Cx_pipiens	1	CCE
OG0010452	Cx_quinquefasciatus	1	CCE
OG0010453	Cx_molestus	1	CCE
OG0010453	Cx_pallens	0	CCE
OG0010453	Cx_pipiens	1	CCE
OG0010453	Cx_quinquefasciatus	1	CCE
OG0010528	Cx_molestus	1	immune
OG0010528	Cx_pallens	1	immune
OG0010528	Cx_pipiens	1	immune
OG0010528	Cx_quinquefasciatus	1	immune
OG0010600	Cx_molestus	1	GST
OG0010600	Cx_pallens	1	GST
OG0010600	Cx_pipiens	1	GST
OG0010600	Cx_quinquefasciatus	1	GST
OG0010620	Cx_molestus	1	CCE
OG0010620	Cx_pallens	1	CCE
OG0010620	Cx_pipiens	1	CCE
OG0010620	Cx_quinquefasciatus	1	CCE
OG0010681	Cx_molestus	1	CCE
OG0010681	Cx_pallens	1	CCE
OG0010681	Cx_pipiens	1	CCE
OG0010681	Cx_quinquefasciatus	1	CCE
OG0010707	Cx_molestus	1	CCE
OG0010707	Cx_pallens	1	CCE
OG0010707	Cx_pipiens	1	CCE
OG0010707	Cx_quinquefasciatus	1	CCE
OG0010730	Cx_molestus	1	P450
OG0010730	Cx_pallens	1	P450
OG0010730	Cx_pipiens	1	P450
OG0010730	Cx_quinquefasciatus	1	P450
OG0010731	Cx_molestus	1	P450
OG0010731	Cx_pallens	1	P450
OG0010731	Cx_pipiens	0	P450
OG0010731	Cx_quinquefasciatus	1	P450
OG0010732	Cx_molestus	1	P450
OG0010732	Cx_pallens	1	P450
OG0010732	Cx_pipiens	1	P450
OG0010732	Cx_quinquefasciatus	1	P450
OG0010733	Cx_molestus	1	P450
OG0010733	Cx_pallens	1	P450
OG0010733	Cx_pipiens	1	P450
OG0010733	Cx_quinquefasciatus	1	P450
OG0010734	Cx_molestus	1	P450
OG0010734	Cx_pallens	1	P450
OG0010734	Cx_pipiens	1	P450
OG0010734	Cx_quinquefasciatus	1	P450
OG0010815	Cx_molestus	1	OR
OG0010815	Cx_pallens	1	OR
OG0010815	Cx_pipiens	1	OR
OG0010815	Cx_quinquefasciatus	0	OR
OG0010816	Cx_molestus	1	OR
OG0010816	Cx_pallens	1	OR
OG0010816	Cx_pipiens	1	OR
OG0010816	Cx_quinquefasciatus	0	OR
OG0010893	Cx_molestus	1	immune
OG0010893	Cx_pallens	1	immune
OG0010893	Cx_pipiens	1	immune
OG0010893	Cx_quinquefasciatus	1	immune
OG0010894	Cx_molestus	1	immune
OG0010894	Cx_pallens	1	immune
OG0010894	Cx_pipiens	1	immune
OG0010894	Cx_quinquefasciatus	1	immune
OG0010948	Cx_molestus	1	CCE
OG0010948	Cx_pallens	1	CCE
OG0010948	Cx_pipiens	1	CCE
OG0010948	Cx_quinquefasciatus	1	CCE
OG0010967	Cx_molestus	1	immune
OG0010967	Cx_pallens	1	immune
OG0010967	Cx_pipiens	1	immune
OG0010967	Cx_quinquefasciatus	1	immune
OG0010975	Cx_molestus	1	OR
OG0010975	Cx_pallens	1	OR
OG0010975	Cx_pipiens	1	OR
OG0010975	Cx_quinquefasciatus	1	OR
OG0010985	Cx_molestus	1	P450
OG0010985	Cx_pallens	1	P450
OG0010985	Cx_pipiens	1	P450
OG0010985	Cx_quinquefasciatus	1	P450
OG0010998	Cx_molestus	1	GST
OG0010998	Cx_pallens	1	GST
OG0010998	Cx_pipiens	1	GST
OG0010998	Cx_quinquefasciatus	1	GST
OG0011056	Cx_molestus	1	OR
OG0011056	Cx_pallens	1	OR
OG0011056	Cx_pipiens	1	OR
OG0011056	Cx_quinquefasciatus	1	OR
OG0011115	Cx_molestus	1	GR
OG0011115	Cx_pallens	1	GR
OG0011115	Cx_pipiens	1	GR
OG0011115	Cx_quinquefasciatus	1	GR
OG0011127	Cx_molestus	1	P450
OG0011127	Cx_pallens	0	P450
OG0011127	Cx_pipiens	1	P450
OG0011127	Cx_quinquefasciatus	1	P450
OG0011134	Cx_molestus	1	P450
OG0011134	Cx_pallens	0	P450
OG0011134	Cx_pipiens	1	P450
OG0011134	Cx_quinquefasciatus	1	P450
OG0011135	Cx_molestus	1	P450
OG0011135	Cx_pallens	1	P450
OG0011135	Cx_pipiens	1	P450
OG0011135	Cx_quinquefasciatus	1	P450
OG0011189	Cx_molestus	1	OR
OG0011189	Cx_pallens	1	OR
OG0011189	Cx_pipiens	1	OR
OG0011189	Cx_quinquefasciatus	1	OR
OG0011198	Cx_molestus	1	OR
OG0011198	Cx_pallens	1	OR
OG0011198	Cx_pipiens	1	OR
OG0011198	Cx_quinquefasciatus	1	OR
OG0011229	Cx_molestus	1	immune
OG0011229	Cx_pallens	1	immune
OG0011229	Cx_pipiens	1	immune
OG0011229	Cx_quinquefasciatus	1	immune
OG0011250	Cx_molestus	1	P450
OG0011250	Cx_pallens	1	P450
OG0011250	Cx_pipiens	1	P450
OG0011250	Cx_quinquefasciatus	1	P450
OG0011267	Cx_molestus	1	GR
OG0011267	Cx_pallens	1	GR
OG0011267	Cx_pipiens	1	GR
OG0011267	Cx_quinquefasciatus	1	GR
OG0011275	Cx_molestus	1	immune
OG0011275	Cx_pallens	1	immune
OG0011275	Cx_pipiens	1	immune
OG0011275	Cx_quinquefasciatus	1	immune
OG0011354	Cx_molestus	1	GST
OG0011354	Cx_pallens	1	GST
OG0011354	Cx_pipiens	1	GST
OG0011354	Cx_quinquefasciatus	0	GST
OG0011405	Cx_molestus	1	CCE
OG0011405	Cx_pallens	1	CCE
OG0011405	Cx_pipiens	1	CCE
OG0011405	Cx_quinquefasciatus	1	CCE
OG0011412	Cx_molestus	1	P450
OG0011412	Cx_pallens	1	P450
OG0011412	Cx_pipiens	1	P450
OG0011412	Cx_quinquefasciatus	1	P450
OG0011421	Cx_molestus	1	P450
OG0011421	Cx_pallens	1	P450
OG0011421	Cx_pipiens	0	P450
OG0011421	Cx_quinquefasciatus	1	P450
OG0011422	Cx_molestus	1	P450
OG0011422	Cx_pallens	1	P450
OG0011422	Cx_pipiens	1	P450
OG0011422	Cx_quinquefasciatus	1	P450
OG0011493	Cx_molestus	1	GR
OG0011493	Cx_pallens	1	GR
OG0011493	Cx_pipiens	1	GR
OG0011493	Cx_quinquefasciatus	1	GR
OG0011494	Cx_molestus	1	GR
OG0011494	Cx_pallens	0	GR
OG0011494	Cx_pipiens	1	GR
OG0011494	Cx_quinquefasciatus	1	GR
OG0011596	Cx_molestus	1	CSP
OG0011596	Cx_pallens	1	CSP
OG0011596	Cx_pipiens	1	CSP
OG0011596	Cx_quinquefasciatus	1	CSP
OG0011597	Cx_molestus	1	CSP
OG0011597	Cx_pallens	1	CSP
OG0011597	Cx_pipiens	1	CSP
OG0011597	Cx_quinquefasciatus	1	CSP
OG0011608	Cx_molestus	1	P450
OG0011608	Cx_pallens	1	P450
OG0011608	Cx_pipiens	1	P450
OG0011608	Cx_quinquefasciatus	1	P450
OG0011626	Cx_molestus	1	P450
OG0011626	Cx_pallens	1	P450
OG0011626	Cx_pipiens	1	P450
OG0011626	Cx_quinquefasciatus	1	P450
OG0011627	Cx_molestus	1	P450
OG0011627	Cx_pallens	1	P450
OG0011627	Cx_pipiens	1	P450
OG0011627	Cx_quinquefasciatus	1	P450
OG0011676	Cx_molestus	1	GST
OG0011676	Cx_pallens	1	GST
OG0011676	Cx_pipiens	1	GST
OG0011676	Cx_quinquefasciatus	1	GST
OG0011688	Cx_molestus	1	OR
OG0011688	Cx_pallens	1	OR
OG0011688	Cx_pipiens	1	OR
OG0011688	Cx_quinquefasciatus	0	OR
OG0011689	Cx_molestus	1	OR
OG0011689	Cx_pallens	1	OR
OG0011689	Cx_pipiens	1	OR
OG0011689	Cx_quinquefasciatus	1	OR
OG0011692	Cx_molestus	1	OR
OG0011692	Cx_pallens	1	OR
OG0011692	Cx_pipiens	1	OR
OG0011692	Cx_quinquefasciatus	1	OR
OG0011693	Cx_molestus	1	OR
OG0011693	Cx_pallens	1	OR
OG0011693	Cx_pipiens	1	OR
OG0011693	Cx_quinquefasciatus	1	OR
OG0011694	Cx_molestus	1	OR
OG0011694	Cx_pallens	1	OR
OG0011694	Cx_pipiens	1	OR
OG0011694	Cx_quinquefasciatus	1	OR
OG0011695	Cx_molestus	1	OR
OG0011695	Cx_pallens	1	OR
OG0011695	Cx_pipiens	1	OR
OG0011695	Cx_quinquefasciatus	1	OR
OG0011696	Cx_molestus	1	OR
OG0011696	Cx_pallens	1	OR
OG0011696	Cx_pipiens	1	OR
OG0011696	Cx_quinquefasciatus	1	OR
OG0011771	Cx_molestus	1	P450
OG0011771	Cx_pallens	1	P450
OG0011771	Cx_pipiens	1	P450
OG0011771	Cx_quinquefasciatus	1	P450
OG0011848	Cx_molestus	1	immune
OG0011848	Cx_pallens	1	immune
OG0011848	Cx_pipiens	1	immune
OG0011848	Cx_quinquefasciatus	1	immune
OG0011885	Cx_molestus	1	OR
OG0011885	Cx_pallens	1	OR
OG0011885	Cx_pipiens	1	OR
OG0011885	Cx_quinquefasciatus	1	OR
OG0011886	Cx_molestus	1	OR
OG0011886	Cx_pallens	1	OR
OG0011886	Cx_pipiens	1	OR
OG0011886	Cx_quinquefasciatus	1	OR
OG0011960	Cx_molestus	1	P450
OG0011960	Cx_pallens	1	P450
OG0011960	Cx_pipiens	1	P450
OG0011960	Cx_quinquefasciatus	0	P450
OG0011961	Cx_molestus	1	P450
OG0011961	Cx_pallens	1	P450
OG0011961	Cx_pipiens	1	P450
OG0011961	Cx_quinquefasciatus	1	P450
OG0011965	Cx_molestus	1	CCE
OG0011965	Cx_pallens	1	CCE
OG0011965	Cx_pipiens	1	CCE
OG0011965	Cx_quinquefasciatus	1	CCE
OG0011976	Cx_molestus	1	OR
OG0011976	Cx_pallens	1	OR
OG0011976	Cx_pipiens	1	OR
OG0011976	Cx_quinquefasciatus	1	OR
OG0012053	Cx_molestus	1	CCE
OG0012053	Cx_pallens	1	CCE
OG0012053	Cx_pipiens	1	CCE
OG0012053	Cx_quinquefasciatus	1	CCE
OG0012066	Cx_molestus	1	OR
OG0012066	Cx_pallens	0	OR
OG0012066	Cx_pipiens	1	OR
OG0012066	Cx_quinquefasciatus	1	OR
OG0012241	Cx_molestus	1	GST
OG0012241	Cx_pallens	1	GST
OG0012241	Cx_pipiens	1	GST
OG0012241	Cx_quinquefasciatus	1	GST
OG0012327	Cx_molestus	1	GST
OG0012327	Cx_pallens	1	GST
OG0012327	Cx_pipiens	1	GST
OG0012327	Cx_quinquefasciatus	1	GST
OG0012330	Cx_molestus	1	CCE
OG0012330	Cx_pallens	1	CCE
OG0012330	Cx_pipiens	0	CCE
OG0012330	Cx_quinquefasciatus	2	CCE
OG0012334	Cx_molestus	1	OR
OG0012334	Cx_pallens	1	OR
OG0012334	Cx_pipiens	1	OR
OG0012334	Cx_quinquefasciatus	1	OR
OG0012335	Cx_molestus	1	OR
OG0012335	Cx_pallens	1	OR
OG0012335	Cx_pipiens	1	OR
OG0012335	Cx_quinquefasciatus	1	OR
OG0012629	Cx_molestus	1	OR
OG0012629	Cx_pallens	1	OR
OG0012629	Cx_pipiens	1	OR
OG0012629	Cx_quinquefasciatus	1	OR
OG0012641	Cx_molestus	1	P450
OG0012641	Cx_pallens	1	P450
OG0012641	Cx_pipiens	1	P450
OG0012641	Cx_quinquefasciatus	1	P450
OG0012659	Cx_molestus	1	P450
OG0012659	Cx_pallens	1	P450
OG0012659	Cx_pipiens	1	P450
OG0012659	Cx_quinquefasciatus	1	P450
OG0012660	Cx_molestus	1	P450
OG0012660	Cx_pallens	1	P450
OG0012660	Cx_pipiens	1	P450
OG0012660	Cx_quinquefasciatus	1	P450
OG0012661	Cx_molestus	1	P450
OG0012661	Cx_pallens	1	P450
OG0012661	Cx_pipiens	0	P450
OG0012661	Cx_quinquefasciatus	1	P450
OG0012725	Cx_molestus	1	immune
OG0012725	Cx_pallens	1	immune
OG0012725	Cx_pipiens	1	immune
OG0012725	Cx_quinquefasciatus	1	immune
OG0012726	Cx_molestus	1	OR
OG0012726	Cx_pallens	1	OR
OG0012726	Cx_pipiens	1	OR
OG0012726	Cx_quinquefasciatus	1	OR
OG0012727	Cx_molestus	1	OR
OG0012727	Cx_pallens	1	OR
OG0012727	Cx_pipiens	1	OR
OG0012727	Cx_quinquefasciatus	1	OR
OG0012729	Cx_molestus	1	OR
OG0012729	Cx_pallens	1	OR
OG0012729	Cx_pipiens	1	OR
OG0012729	Cx_quinquefasciatus	1	OR
OG0012730	Cx_molestus	1	OR
OG0012730	Cx_pallens	1	OR
OG0012730	Cx_pipiens	1	OR
OG0012730	Cx_quinquefasciatus	1	OR
OG0012735	Cx_molestus	1	P450
OG0012735	Cx_pallens	1	P450
OG0012735	Cx_pipiens	1	P450
OG0012735	Cx_quinquefasciatus	0	P450
OG0012742	Cx_molestus	1	P450
OG0012742	Cx_pallens	0	P450
OG0012742	Cx_pipiens	1	P450
OG0012742	Cx_quinquefasciatus	1	P450
OG0012743	Cx_molestus	1	P450
OG0012743	Cx_pallens	1	P450
OG0012743	Cx_pipiens	1	P450
OG0012743	Cx_quinquefasciatus	0	P450
OG0012747	Cx_molestus	1	P450
OG0012747	Cx_pallens	1	P450
OG0012747	Cx_pipiens	1	P450
OG0012747	Cx_quinquefasciatus	1	P450
OG0012778	Cx_molestus	1	OR
OG0012778	Cx_pallens	1	OR
OG0012778	Cx_pipiens	1	OR
OG0012778	Cx_quinquefasciatus	1	OR
OG0012798	Cx_molestus	1	P450
OG0012798	Cx_pallens	1	P450
OG0012798	Cx_pipiens	1	P450
OG0012798	Cx_quinquefasciatus	1	P450
OG0012800	Cx_molestus	1	GR
OG0012800	Cx_pallens	0	GR
OG0012800	Cx_pipiens	1	GR
OG0012800	Cx_quinquefasciatus	1	GR
OG0012801	Cx_molestus	1	GR
OG0012801	Cx_pallens	1	GR
OG0012801	Cx_pipiens	1	GR
OG0012801	Cx_quinquefasciatus	1	GR
OG0012802	Cx_molestus	1	GR
OG0012802	Cx_pallens	1	GR
OG0012802	Cx_pipiens	1	GR
OG0012802	Cx_quinquefasciatus	1	GR
OG0012803	Cx_molestus	1	GR
OG0012803	Cx_pallens	1	GR
OG0012803	Cx_pipiens	1	GR
OG0012803	Cx_quinquefasciatus	1	GR
OG0012807	Cx_molestus	1	P450
OG0012807	Cx_pallens	1	P450
OG0012807	Cx_pipiens	1	P450
OG0012807	Cx_quinquefasciatus	1	P450
OG0012808	Cx_molestus	1	P450
OG0012808	Cx_pallens	1	P450
OG0012808	Cx_pipiens	1	P450
OG0012808	Cx_quinquefasciatus	1	P450
OG0012845	Cx_molestus	1	OR
OG0012845	Cx_pallens	1	OR
OG0012845	Cx_pipiens	1	OR
OG0012845	Cx_quinquefasciatus	1	OR
OG0012900	Cx_molestus	1	OR
OG0012900	Cx_pallens	1	OR
OG0012900	Cx_pipiens	1	OR
OG0012900	Cx_quinquefasciatus	1	OR
OG0012902	Cx_molestus	1	OR
OG0012902	Cx_pallens	1	OR
OG0012902	Cx_pipiens	1	OR
OG0012902	Cx_quinquefasciatus	1	OR
OG0012911	Cx_molestus	1	P450
OG0012911	Cx_pallens	1	P450
OG0012911	Cx_pipiens	1	P450
OG0012911	Cx_quinquefasciatus	1	P450
OG0012926	Cx_molestus	1	CCE
OG0012926	Cx_pallens	1	CCE
OG0012926	Cx_pipiens	1	CCE
OG0012926	Cx_quinquefasciatus	1	CCE
OG0012943	Cx_molestus	1	GR
OG0012943	Cx_pallens	1	GR
OG0012943	Cx_pipiens	1	GR
OG0012943	Cx_quinquefasciatus	1	GR
OG0012966	Cx_molestus	1	GR
OG0012966	Cx_pallens	1	GR
OG0012966	Cx_pipiens	1	GR
OG0012966	Cx_quinquefasciatus	1	GR
OG0012967	Cx_molestus	1	GR
OG0012967	Cx_pallens	1	GR
OG0012967	Cx_pipiens	1	GR
OG0012967	Cx_quinquefasciatus	1	GR
OG0012968	Cx_molestus	1	GR
OG0012968	Cx_pallens	1	GR
OG0012968	Cx_pipiens	1	GR
OG0012968	Cx_quinquefasciatus	1	GR
OG0012969	Cx_molestus	1	GR
OG0012969	Cx_pallens	1	GR
OG0012969	Cx_pipiens	1	GR
OG0012969	Cx_quinquefasciatus	1	GR
OG0013038	Cx_molestus	1	immune
OG0013038	Cx_pallens	1	immune
OG0013038	Cx_pipiens	1	immune
OG0013038	Cx_quinquefasciatus	1	immune
OG0013065	Cx_molestus	1	OR
OG0013065	Cx_pallens	1	OR
OG0013065	Cx_pipiens	1	OR
OG0013065	Cx_quinquefasciatus	1	OR
OG0013066	Cx_molestus	1	OR
OG0013066	Cx_pallens	1	OR
OG0013066	Cx_pipiens	1	OR
OG0013066	Cx_quinquefasciatus	1	OR
OG0013102	Cx_molestus	1	GST
OG0013102	Cx_pallens	0	GST
OG0013102	Cx_pipiens	1	GST
OG0013102	Cx_quinquefasciatus	1	GST
OG0013112	Cx_molestus	1	OR
OG0013112	Cx_pallens	1	OR
OG0013112	Cx_pipiens	1	OR
OG0013112	Cx_quinquefasciatus	1	OR
OG0013226	Cx_molestus	0	P450
OG0013226	Cx_pallens	1	P450
OG0013226	Cx_pipiens	1	P450
OG0013226	Cx_quinquefasciatus	0	P450
OG0013227	Cx_molestus	0	P450
OG0013227	Cx_pallens	1	P450
OG0013227	Cx_pipiens	1	P450
OG0013227	Cx_quinquefasciatus	1	P450
OG0013228	Cx_molestus	0	P450
OG0013228	Cx_pallens	1	P450
OG0013228	Cx_pipiens	1	P450
OG0013228	Cx_quinquefasciatus	1	P450
OG0013229	Cx_molestus	0	P450
OG0013229	Cx_pallens	1	P450
OG0013229	Cx_pipiens	1	P450
OG0013229	Cx_quinquefasciatus	1	P450
OG0013230	Cx_molestus	0	P450
OG0013230	Cx_pallens	1	P450
OG0013230	Cx_pipiens	1	P450
OG0013230	Cx_quinquefasciatus	1	P450
OG0013261	Cx_molestus	0	GR
OG0013261	Cx_pallens	1	GR
OG0013261	Cx_pipiens	1	GR
OG0013261	Cx_quinquefasciatus	1	GR
OG0013337	Cx_molestus	0	P450
OG0013337	Cx_pallens	1	P450
OG0013337	Cx_pipiens	1	P450
OG0013337	Cx_quinquefasciatus	1	P450
OG0013359	Cx_molestus	0	P450
OG0013359	Cx_pallens	1	P450
OG0013359	Cx_pipiens	1	P450
OG0013359	Cx_quinquefasciatus	1	P450
OG0013428	Cx_molestus	0	GR
OG0013428	Cx_pallens	1	GR
OG0013428	Cx_pipiens	1	GR
OG0013428	Cx_quinquefasciatus	1	GR
OG0013449	Cx_molestus	0	P450
OG0013449	Cx_pallens	1	P450
OG0013449	Cx_pipiens	1	P450
OG0013449	Cx_quinquefasciatus	1	P450
OG0013450	Cx_molestus	0	P450
OG0013450	Cx_pallens	1	P450
OG0013450	Cx_pipiens	1	P450
OG0013450	Cx_quinquefasciatus	0	P450
OG0013456	Cx_molestus	0	CCE
OG0013456	Cx_pallens	1	CCE
OG0013456	Cx_pipiens	1	CCE
OG0013456	Cx_quinquefasciatus	1	CCE
OG0013631	Cx_molestus	1	OR
OG0013631	Cx_pallens	0	OR
OG0013631	Cx_pipiens	0	OR
OG0013631	Cx_quinquefasciatus	1	OR
OG0013649	Cx_molestus	0	P450
OG0013649	Cx_pallens	1	P450
OG0013649	Cx_pipiens	0	P450
OG0013649	Cx_quinquefasciatus	1	P450
OG0013651	Cx_molestus	1	CCE
OG0013651	Cx_pallens	0	CCE
OG0013651	Cx_pipiens	1	CCE
OG0013651	Cx_quinquefasciatus	0	CCE
OG0013652	Cx_molestus	1	P450
OG0013652	Cx_pallens	1	P450
OG0013652	Cx_pipiens	0	P450
OG0013652	Cx_quinquefasciatus	0	P450
OG0013653	Cx_molestus	0	P450
OG0013653	Cx_pallens	1	P450
OG0013653	Cx_pipiens	0	P450
OG0013653	Cx_quinquefasciatus	0	P450
OG0013686	Cx_molestus	1	P450
OG0013686	Cx_pallens	1	P450
OG0013686	Cx_pipiens	1	P450
OG0013686	Cx_quinquefasciatus	0	P450
OG0013687	Cx_molestus	1	P450
OG0013687	Cx_pallens	1	P450
OG0013687	Cx_pipiens	1	P450
OG0013687	Cx_quinquefasciatus	0	P450
OG0013721	Cx_molestus	1	OR
OG0013721	Cx_pallens	0	OR
OG0013721	Cx_pipiens	1	OR
OG0013721	Cx_quinquefasciatus	1	OR
OG0013810	Cx_molestus	1	P450
OG0013810	Cx_pallens	0	P450
OG0013810	Cx_pipiens	1	P450
OG0013810	Cx_quinquefasciatus	1	P450
OG0013837	Cx_molestus	1	immune
OG0013837	Cx_pallens	1	immune
OG0013837	Cx_pipiens	0	immune
OG0013837	Cx_quinquefasciatus	1	immune
OG0013864	Cx_molestus	1	CCE
OG0013864	Cx_pallens	1	CCE
OG0013864	Cx_pipiens	0	CCE
OG0013864	Cx_quinquefasciatus	1	CCE
OG0013873	Cx_molestus	1	P450
OG0013873	Cx_pallens	1	P450
OG0013873	Cx_pipiens	0	P450
OG0013873	Cx_quinquefasciatus	1	P450
OG0013972	Cx_molestus	1	P450
OG0013972	Cx_pallens	0	P450
OG0013972	Cx_pipiens	1	P450
OG0013972	Cx_quinquefasciatus	1	P450
OG0014029	Cx_molestus	1	GR
OG0014029	Cx_pallens	1	GR
OG0014029	Cx_pipiens	0	GR
OG0014029	Cx_quinquefasciatus	1	GR
OG0014033	Cx_molestus	1	immune
OG0014033	Cx_pallens	1	immune
OG0014033	Cx_pipiens	1	immune
OG0014033	Cx_quinquefasciatus	0	immune
OG0014051	Cx_molestus	1	CSP
OG0014051	Cx_pallens	1	CSP
OG0014051	Cx_pipiens	0	CSP
OG0014051	Cx_quinquefasciatus	1	CSP
OG0014092	Cx_molestus	1	P450
OG0014092	Cx_pallens	1	P450
OG0014092	Cx_pipiens	0	P450
OG0014092	Cx_quinquefasciatus	0	P450
OG0014094	Cx_molestus	1	P450
OG0014094	Cx_pallens	0	P450
OG0014094	Cx_pipiens	0	P450
OG0014094	Cx_quinquefasciatus	1	P450
OG0014095	Cx_molestus	1	P450
OG0014095	Cx_pallens	0	P450
OG0014095	Cx_pipiens	1	P450
OG0014095	Cx_quinquefasciatus	1	P450
OG0014157	Cx_molestus	1	P450
OG0014157	Cx_pallens	0	P450
OG0014157	Cx_pipiens	1	P450
OG0014157	Cx_quinquefasciatus	1	P450
OG0014186	Cx_molestus	1	OR
OG0014186	Cx_pallens	0	OR
OG0014186	Cx_pipiens	1	OR
OG0014186	Cx_quinquefasciatus	0	OR
OG0014198	Cx_molestus	1	CCE
OG0014198	Cx_pallens	0	CCE
OG0014198	Cx_pipiens	1	CCE
OG0014198	Cx_quinquefasciatus	1	CCE
OG0014245	Cx_molestus	1	GR
OG0014245	Cx_pallens	0	GR
OG0014245	Cx_pipiens	1	GR
OG0014245	Cx_quinquefasciatus	1	GR
OG0014288	Cx_molestus	1	immune
OG0014288	Cx_pallens	0	immune
OG0014288	Cx_pipiens	1	immune
OG0014288	Cx_quinquefasciatus	0	immune
OG0014298	Cx_molestus	1	P450
OG0014298	Cx_pallens	1	P450
OG0014298	Cx_pipiens	0	P450
OG0014298	Cx_quinquefasciatus	1	P450
OG0014299	Cx_molestus	1	P450
OG0014299	Cx_pallens	0	P450
OG0014299	Cx_pipiens	1	P450
OG0014299	Cx_quinquefasciatus	0	P450
OG0014300	Cx_molestus	1	GR
OG0014300	Cx_pallens	0	GR
OG0014300	Cx_pipiens	0	GR
OG0014300	Cx_quinquefasciatus	1	GR
OG0014308	Cx_molestus	2	GR
OG0014308	Cx_pallens	0	GR
OG0014308	Cx_pipiens	1	GR
OG0014308	Cx_quinquefasciatus	0	GR
OG0014309	Cx_molestus	1	GR
OG0014309	Cx_pallens	1	GR
OG0014309	Cx_pipiens	0	GR
OG0014309	Cx_quinquefasciatus	1	GR
OG0014336	Cx_molestus	1	P450
OG0014336	Cx_pallens	1	P450
OG0014336	Cx_pipiens	0	P450
OG0014336	Cx_quinquefasciatus	1	P450
OG0014340	Cx_molestus	1	CCE
OG0014340	Cx_pallens	1	CCE
OG0014340	Cx_pipiens	1	CCE
OG0014340	Cx_quinquefasciatus	0	CCE
OG0014361	Cx_molestus	1	OR
OG0014361	Cx_pallens	0	OR
OG0014361	Cx_pipiens	1	OR
OG0014361	Cx_quinquefasciatus	1	OR
OG0014366	Cx_molestus	1	OR
OG0014366	Cx_pallens	1	OR
OG0014366	Cx_pipiens	0	OR
OG0014366	Cx_quinquefasciatus	1	OR
OG0014371	Cx_molestus	3	CCE
OG0014371	Cx_pallens	0	CCE
OG0014371	Cx_pipiens	0	CCE
OG0014371	Cx_quinquefasciatus	0	CCE
OG0014384	Cx_molestus	1	P450
OG0014384	Cx_pallens	1	P450
OG0014384	Cx_pipiens	1	P450
OG0014384	Cx_quinquefasciatus	0	P450
OG0014408	Cx_molestus	0	P450
OG0014408	Cx_pallens	1	P450
OG0014408	Cx_pipiens	1	P450
OG0014408	Cx_quinquefasciatus	0	P450
OG0014515	Cx_molestus	0	OR
OG0014515	Cx_pallens	1	OR
OG0014515	Cx_pipiens	1	OR
OG0014515	Cx_quinquefasciatus	1	OR
OG0014516	Cx_molestus	0	OR
OG0014516	Cx_pallens	1	OR
OG0014516	Cx_pipiens	1	OR
OG0014516	Cx_quinquefasciatus	1	OR
OG0014523	Cx_molestus	0	P450
OG0014523	Cx_pallens	1	P450
OG0014523	Cx_pipiens	1	P450
OG0014523	Cx_quinquefasciatus	1	P450
OG0014540	Cx_molestus	0	GR
OG0014540	Cx_pallens	1	GR
OG0014540	Cx_pipiens	1	GR
OG0014540	Cx_quinquefasciatus	1	GR
OG0014577	Cx_molestus	0	OR
OG0014577	Cx_pallens	1	OR
OG0014577	Cx_pipiens	2	OR
OG0014577	Cx_quinquefasciatus	0	OR
OG0014578	Cx_molestus	0	GR
OG0014578	Cx_pallens	1	GR
OG0014578	Cx_pipiens	1	GR
OG0014578	Cx_quinquefasciatus	1	GR
OG0014656	Cx_molestus	0	immune
OG0014656	Cx_pallens	1	immune
OG0014656	Cx_pipiens	1	immune
OG0014656	Cx_quinquefasciatus	1	immune
OG0014679	Cx_molestus	0	CCE
OG0014679	Cx_pallens	1	CCE
OG0014679	Cx_pipiens	1	CCE
OG0014679	Cx_quinquefasciatus	1	CCE
OG0014697	Cx_molestus	0	OR
OG0014697	Cx_pallens	1	OR
OG0014697	Cx_pipiens	1	OR
OG0014697	Cx_quinquefasciatus	1	OR
OG0014702	Cx_molestus	0	P450
OG0014702	Cx_pallens	1	P450
OG0014702	Cx_pipiens	1	P450
OG0014702	Cx_quinquefasciatus	1	P450
OG0014753	Cx_molestus	0	OR
OG0014753	Cx_pallens	1	OR
OG0014753	Cx_pipiens	1	OR
OG0014753	Cx_quinquefasciatus	1	OR
OG0014754	Cx_molestus	0	OR
OG0014754	Cx_pallens	1	OR
OG0014754	Cx_pipiens	1	OR
OG0014754	Cx_quinquefasciatus	1	OR
OG0014773	Cx_molestus	0	P450
OG0014773	Cx_pallens	1	P450
OG0014773	Cx_pipiens	0	P450
OG0014773	Cx_quinquefasciatus	1	P450
OG0014774	Cx_molestus	0	CCE
OG0014774	Cx_pallens	3	CCE
OG0014774	Cx_pipiens	0	CCE
OG0014774	Cx_quinquefasciatus	0	CCE
OG0014789	Cx_molestus	0	P450
OG0014789	Cx_pallens	1	P450
OG0014789	Cx_pipiens	1	P450
OG0014789	Cx_quinquefasciatus	1	P450
OG0014792	Cx_molestus	0	P450
OG0014792	Cx_pallens	1	P450
OG0014792	Cx_pipiens	1	P450
OG0014792	Cx_quinquefasciatus	1	P450
OG0014813	Cx_molestus	0	CCE
OG0014813	Cx_pallens	1	CCE
OG0014813	Cx_pipiens	1	CCE
OG0014813	Cx_quinquefasciatus	1	CCE
OG0014857	Cx_molestus	0	P450
OG0014857	Cx_pallens	0	P450
OG0014857	Cx_pipiens	1	P450
OG0014857	Cx_quinquefasciatus	0	P450
OG0015063	Cx_molestus	0	CCE
OG0015063	Cx_pallens	0	CCE
OG0015063	Cx_pipiens	1	CCE
OG0015063	Cx_quinquefasciatus	0	CCE
OG0015064	Cx_molestus	1	CCE
OG0015064	Cx_pallens	0	CCE
OG0015064	Cx_pipiens	0	CCE
OG0015064	Cx_quinquefasciatus	0	CCE
OG0015066	Cx_molestus	1	CCE
OG0015066	Cx_pallens	0	CCE
OG0015066	Cx_pipiens	0	CCE
OG0015066	Cx_quinquefasciatus	0	CCE
OG0015079	Cx_molestus	1	GR
OG0015079	Cx_pallens	1	GR
OG0015079	Cx_pipiens	0	GR
OG0015079	Cx_quinquefasciatus	0	GR
OG0015092	Cx_molestus	1	P450
OG0015092	Cx_pallens	0	P450
OG0015092	Cx_pipiens	1	P450
OG0015092	Cx_quinquefasciatus	0	P450
OG0015205	Cx_molestus	1	immune
OG0015205	Cx_pallens	0	immune
OG0015205	Cx_pipiens	1	immune
OG0015205	Cx_quinquefasciatus	0	immune
OG0015211	Cx_molestus	1	P450
OG0015211	Cx_pallens	0	P450
OG0015211	Cx_pipiens	0	P450
OG0015211	Cx_quinquefasciatus	1	P450
OG0015242	Cx_molestus	2	OR
OG0015242	Cx_pallens	0	OR
OG0015242	Cx_pipiens	0	OR
OG0015242	Cx_quinquefasciatus	0	OR
OG0015249	Cx_molestus	2	OR
OG0015249	Cx_pallens	0	OR
OG0015249	Cx_pipiens	0	OR
OG0015249	Cx_quinquefasciatus	0	OR
OG0015251	Cx_molestus	1	GR
OG0015251	Cx_pallens	0	GR
OG0015251	Cx_pipiens	0	GR
OG0015251	Cx_quinquefasciatus	1	GR
OG0015270	Cx_molestus	2	OR
OG0015270	Cx_pallens	0	OR
OG0015270	Cx_pipiens	0	OR
OG0015270	Cx_quinquefasciatus	0	OR
OG0015323	Cx_molestus	1	P450
OG0015323	Cx_pallens	0	P450
OG0015323	Cx_pipiens	1	P450
OG0015323	Cx_quinquefasciatus	0	P450
OG0015324	Cx_molestus	1	P450
OG0015324	Cx_pallens	0	P450
OG0015324	Cx_pipiens	0	P450
OG0015324	Cx_quinquefasciatus	0	P450
OG0015381	Cx_molestus	1	OR
OG0015381	Cx_pallens	0	OR
OG0015381	Cx_pipiens	1	OR
OG0015381	Cx_quinquefasciatus	0	OR
OG0015405	Cx_molestus	1	OR
OG0015405	Cx_pallens	0	OR
OG0015405	Cx_pipiens	0	OR
OG0015405	Cx_quinquefasciatus	0	OR
OG0015437	Cx_molestus	1	P450
OG0015437	Cx_pallens	0	P450
OG0015437	Cx_pipiens	1	P450
OG0015437	Cx_quinquefasciatus	0	P450
OG0015438	Cx_molestus	1	P450
OG0015438	Cx_pallens	0	P450
OG0015438	Cx_pipiens	1	P450
OG0015438	Cx_quinquefasciatus	0	P450
OG0015452	Cx_molestus	1	OR
OG0015452	Cx_pallens	0	OR
OG0015452	Cx_pipiens	0	OR
OG0015452	Cx_quinquefasciatus	1	OR
OG0015455	Cx_molestus	1	P450
OG0015455	Cx_pallens	0	P450
OG0015455	Cx_pipiens	1	P450
OG0015455	Cx_quinquefasciatus	0	P450
OG0015456	Cx_molestus	2	P450
OG0015456	Cx_pallens	0	P450
OG0015456	Cx_pipiens	0	P450
OG0015456	Cx_quinquefasciatus	0	P450
OG0015608	Cx_molestus	0	P450
OG0015608	Cx_pallens	1	P450
OG0015608	Cx_pipiens	0	P450
OG0015608	Cx_quinquefasciatus	1	P450
OG0015617	Cx_molestus	0	OR
OG0015617	Cx_pallens	1	OR
OG0015617	Cx_pipiens	0	OR
OG0015617	Cx_quinquefasciatus	1	OR
OG0015706	Cx_molestus	0	GR
OG0015706	Cx_pallens	1	GR
OG0015706	Cx_pipiens	1	GR
OG0015706	Cx_quinquefasciatus	0	GR
OG0015710	Cx_molestus	0	OR
OG0015710	Cx_pallens	1	OR
OG0015710	Cx_pipiens	0	OR
OG0015710	Cx_quinquefasciatus	1	OR
OG0015776	Cx_molestus	0	P450
OG0015776	Cx_pallens	1	P450
OG0015776	Cx_pipiens	0	P450
OG0015776	Cx_quinquefasciatus	0	P450
OG0015780	Cx_molestus	0	OR
OG0015780	Cx_pallens	1	OR
OG0015780	Cx_pipiens	0	OR
OG0015780	Cx_quinquefasciatus	1	OR
OG0015809	Cx_molestus	0	OR
OG0015809	Cx_pallens	1	OR
OG0015809	Cx_pipiens	0	OR
OG0015809	Cx_quinquefasciatus	1	OR
OG0015834	Cx_molestus	0	OR
OG0015834	Cx_pallens	1	OR
OG0015834	Cx_pipiens	0	OR
OG0015834	Cx_quinquefasciatus	1	OR
OG0015838	Cx_molestus	0	OR
OG0015838	Cx_pallens	1	OR
OG0015838	Cx_pipiens	0	OR
OG0015838	Cx_quinquefasciatus	1	OR
OG0015839	Cx_molestus	0	CCE
OG0015839	Cx_pallens	1	CCE
OG0015839	Cx_pipiens	0	CCE
OG0015839	Cx_quinquefasciatus	0	CCE
OG0015863	Cx_molestus	0	immune
OG0015863	Cx_pallens	1	immune
OG0015863	Cx_pipiens	0	immune
OG0015863	Cx_quinquefasciatus	1	immune
OG0015869	Cx_molestus	0	GR
OG0015869	Cx_pallens	1	GR
OG0015869	Cx_pipiens	1	GR
OG0015869	Cx_quinquefasciatus	0	GR
OG0015889	Cx_molestus	0	OR
OG0015889	Cx_pallens	1	OR
OG0015889	Cx_pipiens	0	OR
OG0015889	Cx_quinquefasciatus	1	OR
OG0015951	Cx_molestus	0	GR
OG0015951	Cx_pallens	0	GR
OG0015951	Cx_pipiens	1	GR
OG0015951	Cx_quinquefasciatus	1	GR
OG0015960	Cx_molestus	0	CSP
OG0015960	Cx_pallens	0	CSP
OG0015960	Cx_pipiens	1	CSP
OG0015960	Cx_quinquefasciatus	0	CSP
OG0015994	Cx_molestus	0	CCE
OG0015994	Cx_pallens	0	CCE
OG0015994	Cx_pipiens	1	CCE
OG0015994	Cx_quinquefasciatus	0	CCE
OG0016007	Cx_molestus	0	OR
OG0016007	Cx_pallens	0	OR
OG0016007	Cx_pipiens	2	OR
OG0016007	Cx_quinquefasciatus	0	OR
OG0016026	Cx_molestus	0	P450
OG0016026	Cx_pallens	0	P450
OG0016026	Cx_pipiens	2	P450
OG0016026	Cx_quinquefasciatus	0	P450
OG0016073	Cx_molestus	0	P450
OG0016073	Cx_pallens	0	P450
OG0016073	Cx_pipiens	1	P450
OG0016073	Cx_quinquefasciatus	0	P450
OG0016106	Cx_molestus	0	CCE
OG0016106	Cx_pallens	0	CCE
OG0016106	Cx_pipiens	1	CCE
OG0016106	Cx_quinquefasciatus	0	CCE
OG0016125	Cx_molestus	0	OBP
OG0016125	Cx_pallens	0	OBP
OG0016125	Cx_pipiens	2	OBP
OG0016125	Cx_quinquefasciatus	0	OBP
OG0016153	Cx_molestus	0	P450
OG0016153	Cx_pallens	0	P450
OG0016153	Cx_pipiens	1	P450
OG0016153	Cx_quinquefasciatus	1	P450
OG0016163	Cx_molestus	0	OR
OG0016163	Cx_pallens	0	OR
OG0016163	Cx_pipiens	0	OR
OG0016163	Cx_quinquefasciatus	1	OR
OG0016183	Cx_molestus	0	P450
OG0016183	Cx_pallens	0	P450
OG0016183	Cx_pipiens	0	P450
OG0016183	Cx_quinquefasciatus	1	P450
OG0016198	Cx_molestus	0	OR
OG0016198	Cx_pallens	0	OR
OG0016198	Cx_pipiens	0	OR
OG0016198	Cx_quinquefasciatus	2	OR
OG0016215	Cx_molestus	0	P450
OG0016215	Cx_pallens	0	P450
OG0016215	Cx_pipiens	0	P450
OG0016215	Cx_quinquefasciatus	1	P450
